title,link,image,lprice,hprice,mallName,productId,productType,brand,maker,category1,category2,category3,category4
헬로잇츠 간편 냉동 단백질 양많은 도시락 식단관리 <b>닭가슴살 볶음밥</b> 2주,https://search.shopping.naver.com/gate.nhn?id=82551508982,https://shopping-phinf.pstatic.net/main_8255150/82551508982.14.jpg,23900,,쉐이크베이비 다이어트,82551508982,2,헬로잇츠,,식품,냉동/간편조리식품,도시락,
미트리 <b>닭가슴살 볶음밥</b> 전상품 골라담기,https://search.shopping.naver.com/gate.nhn?id=80921175601,https://shopping-phinf.pstatic.net/main_8092117/80921175601.7.jpg,1700,,마이닭,80921175601,2,미트리,태송,식품,냉동/간편조리식품,즉석밥,
맛있닭 잇메이트 <b>닭가슴살 볶음밥</b> 1팩 골라담기 / 김치 현미밥 냉동 컵밥 즉석밥 주먹밥,https://search.shopping.naver.com/gate.nhn?id=82259278858,https://shopping-phinf.pstatic.net/main_8225927/82259278858.6.jpg,2690,,랭킹닭컴,82259278858,2,잇메이트,오뚜기냉동식품,식품,냉동/간편조리식품,즉석밥,
잇메이트 <b>닭가슴살 볶음밥</b> 10팩 골라담기 / 즉석밥 현미 김치 몬스터,https://search.shopping.naver.com/gate.nhn?id=82259278806,https://shopping-phinf.pstatic.net/main_8225927/82259278806.4.jpg,26900,,랭킹닭컴,82259278806,2,잇메이트,오뚜기냉동식품,식품,냉동/간편조리식품,즉석밥,
더슬림 식단관리 도시락 21종 골라담기 <b>닭가슴살</b> 냉동 <b>볶음밥</b> 직장인 점심 저녁 간편식,https://search.shopping.naver.com/gate.nhn?id=82502598864,https://shopping-phinf.pstatic.net/main_8250259/82502598864.6.jpg,3900,,랜선 다이어트 맛켓,82502598864,2,,헬시피아,식품,냉동/간편조리식품,도시락,
허닭 <b>닭가슴살</b> 곤약<b>볶음밥</b> 250g 10종 1팩,https://search.shopping.naver.com/gate.nhn?id=35705075032,https://shopping-phinf.pstatic.net/main_3570507/35705075032.20221108092439.jpg,1900,,네이버,35705075032,1,허닭,태송,식품,다이어트식품,곤약,기타곤약가공품
한우물 냉동 <b>볶음밥</b> <b>닭가슴살</b> 김치 새우 코스트코 <b>볶음밥</b> 혼밥 덮밥소스 구운주먹밥,https://search.shopping.naver.com/gate.nhn?id=10537256190,https://shopping-phinf.pstatic.net/main_1053725/10537256190.13.jpg,930,,치타마켓,10537256190,2,한우물,,식품,냉동/간편조리식품,즉석밥,
맛있닭 다이어트 <b>닭가슴살 볶음밥</b> 도시락 31종 / 냉동 맛있는 2주 식단 관리,https://search.shopping.naver.com/gate.nhn?id=82085502259,https://shopping-phinf.pstatic.net/main_8208550/82085502259.10.jpg,19900,,랭킹닭컴,82085502259,2,맛있닭,,식품,냉동/간편조리식품,도시락,
아임웰 곤약밥/잡채밥/<b>닭가슴살볶음밥</b>/밥바 외 22종 골라담기,https://search.shopping.naver.com/gate.nhn?id=11786800506,https://shopping-phinf.pstatic.net/main_1178680/11786800506.11.jpg,2100,,아임닭 아임웰,11786800506,2,아임웰,한우물영농종합,식품,다이어트식품,곤약,기타곤약가공품
<b>볶음밥</b> 갈릭 닭갈비 <b>닭가슴살</b> 새우 사천 햄야채 해물 김치 치킨 참치,https://search.shopping.naver.com/gate.nhn?id=82353058178,https://shopping-phinf.pstatic.net/main_8235305/82353058178.5.jpg,890,,다여기다여기,82353058178,2,천일식품,엄지식품,식품,냉동/간편조리식품,즉석밥,
귀하닭 준규빌더의 <b>닭가슴살 볶음밥</b> 250g 7종 5팩,https://search.shopping.naver.com/gate.nhn?id=83111375295,https://shopping-phinf.pstatic.net/main_8311137/83111375295.3.jpg,14000,,귀하닭,83111375295,2,,한우물영농종합,식품,냉동/간편조리식품,즉석밥,
[허닭] <b>닭가슴살</b> 곤약<b>볶음밥</b> 및 슬림/잡곡밥/곤약/<b>볶음밥</b> 도시락 골라담기 맛보기,https://search.shopping.naver.com/gate.nhn?id=83185425655,https://shopping-phinf.pstatic.net/main_8318542/83185425655.3.jpg,11500,,모비엠,83185425655,2,허닭,허닭,식품,다이어트식품,곤약,기타곤약가공품
미트리 <b>닭가슴살 볶음밥</b> 스탠딩 250g 8종 골라담기,https://search.shopping.naver.com/gate.nhn?id=82065542515,https://shopping-phinf.pstatic.net/main_8206554/82065542515.5.jpg,26900,,마이닭,82065542515,2,미트리,태송,식품,냉동/간편조리식품,즉석밥,
편한한끼 식단 관리 냉동 도시락 6종 12팩 고단백 아침 점심 <b>닭가슴살</b> 건강 단백질,https://search.shopping.naver.com/gate.nhn?id=82993217739,https://shopping-phinf.pstatic.net/main_8299321/82993217739.1.jpg,44800,,편한한끼 간편식 다이어트,82993217739,2,편한한끼,,식품,냉동/간편조리식품,도시락,
가치올림 냉동 간편 건강 저염 직장인 아침 점심 식단 도시락 반찬 프리미엄 간단 건강식 저염식 단백질 <b>닭가슴살</b> 벌크업 양많은 매일 현미 밥 탄단지 FMD 편의점 한끼 2주 배달,https://search.shopping.naver.com/gate.nhn?id=82924443637,https://shopping-phinf.pstatic.net/main_8292444/82924443637.25.jpg,21500,,가치올림 다이어트,82924443637,2,가치올림,하이즈,식품,냉동/간편조리식품,도시락,
미트리 <b>닭가슴살 볶음밥</b> 스탠딩 250g 8종 1+1팩,https://search.shopping.naver.com/gate.nhn?id=82363509805,https://shopping-phinf.pstatic.net/main_8236350/82363509805.3.jpg,6700,,마이닭,82363509805,2,미트리,태송,식품,냉동/간편조리식품,즉석밥,
잇메이트 <b>닭가슴살</b> 구운 주먹밥 15팩 / 간편식 식사대용 현미 <b>볶음밥</b>,https://search.shopping.naver.com/gate.nhn?id=83697384761,https://shopping-phinf.pstatic.net/main_8369738/83697384761.3.jpg,22800,,랭킹닭컴,83697384761,2,잇메이트,한우물,식품,냉동/간편조리식품,즉석밥,
한우물 <b>볶음밥</b> 골라담기 햄야채 새우 낙지 김치 <b>닭가슴살</b> 사천중화 대패삼겹 냉동즉석밥,https://search.shopping.naver.com/gate.nhn?id=80796490557,https://shopping-phinf.pstatic.net/main_8079649/80796490557.12.jpg,930,,자연맘스토리,80796490557,2,한우물,한우물,식품,냉동/간편조리식품,즉석밥,
인생닭 <b>닭가슴살</b> 곤약 <b>볶음밥</b> 혼합세트,https://search.shopping.naver.com/gate.nhn?id=35689306289,https://shopping-phinf.pstatic.net/main_3568930/35689306289.20230104100437.jpg,16650,,네이버,35689306289,1,인생닭,더빱,식품,다이어트식품,곤약,기타곤약가공품
사조 천일 엄지 <b>볶음밥</b> 갈릭 새우 김치 낙지 햄야채 닭갈비 치킨데리야끼 해물 냉동<b>볶음밥</b>,https://search.shopping.naver.com/gate.nhn?id=82221358438,https://shopping-phinf.pstatic.net/main_8222135/82221358438.13.jpg,790,,커피몰,82221358438,2,사조,사조대림,식품,냉동/간편조리식품,즉석밥,
루틴밀 양많은 냉동 도시락 식단 건강식 벌크업 직장인 아침밥 대용 탄단지 다이어트 단백질 고단백 헬스 <b>닭가슴살 볶음밥</b> 건강 아침 점심 저녁 간편식 당뇨 정기배송,https://search.shopping.naver.com/gate.nhn?id=82738764547,https://shopping-phinf.pstatic.net/main_8273876/82738764547.7.jpg,54200,,스토어 리브라,82738764547,2,,,식품,냉동/간편조리식품,도시락,
(혼합)흑닭 <b>닭가슴살 볶음밥</b> 300g 2종 20팩,https://search.shopping.naver.com/gate.nhn?id=84661675658,https://shopping-phinf.pstatic.net/main_8466167/84661675658.jpg,63900,,흑자헬스마켓,84661675658,2,,,식품,냉동/간편조리식품,즉석밥,
허닭 <b>닭가슴살</b> 곤약<b>볶음밥</b> 250g 10종 40팩,https://search.shopping.naver.com/gate.nhn?id=37355959861,https://shopping-phinf.pstatic.net/main_3735595/37355959861.20230121092532.jpg,41680,,네이버,37355959861,1,허닭,,식품,다이어트식품,곤약,기타곤약가공품
엄지 태송 <b>볶음밥</b> 만능 닭갈비 <b>닭가슴살</b> 새우 사천 햄야채 해물 김치 치킨 참치 골라담기,https://search.shopping.naver.com/gate.nhn?id=82401685887,https://shopping-phinf.pstatic.net/main_8240168/82401685887.2.jpg,800,,다여기다여기,82401685887,2,엄지식품,엄지식품,식품,냉동/간편조리식품,즉석밥,
[고온어도시락 시즌3] 건강 <b>닭가슴살 볶음밥</b> 도시락 식단,https://search.shopping.naver.com/gate.nhn?id=12327611868,https://shopping-phinf.pstatic.net/main_1232761/12327611868.jpg,36500,,고온어도시락,12327611868,2,고온어다이어트,씨케이케이,식품,냉동/간편조리식품,도시락,
잇메이트 <b>닭가슴살</b> 몬스터 <b>볶음밥</b> 5팩,https://search.shopping.naver.com/gate.nhn?id=84569523396,https://shopping-phinf.pstatic.net/main_8456952/84569523396.2.jpg,16450,,잇메이트,84569523396,2,잇메이트,엄지식품,식품,냉동/간편조리식품,즉석밥,
미트리 <b>닭가슴살 볶음밥</b> 도시락 15종 1팩 골라담기,https://search.shopping.naver.com/gate.nhn?id=82605246025,https://shopping-phinf.pstatic.net/main_8260524/82605246025.4.jpg,3900,,마이닭,82605246025,2,미트리,태송,식품,냉동/간편조리식품,즉석밥,
교촌치킨 교촌 <b>닭가슴살 볶음밥</b> 도시락 소시지 브리또 골라담기 맛보기 패키지,https://search.shopping.naver.com/gate.nhn?id=82758888653,https://shopping-phinf.pstatic.net/main_8275888/82758888653.2.jpg,5900,,모비엠,82758888653,2,교촌,허닭,식품,냉동/간편조리식품,즉석밥,
허닭 <b>닭가슴살</b> 곤약 <b>볶음밥</b> 250g 10종 혼합 10팩,https://search.shopping.naver.com/gate.nhn?id=35772934067,https://shopping-phinf.pstatic.net/main_3577293/35772934067.20221111114906.jpg,20690,,네이버,35772934067,1,허닭,허닭,식품,다이어트식품,곤약,기타곤약가공품
천일식품 하림 냉동 <b>볶음밥</b> 18종 골라담기 <b>닭가슴살</b> 참치 해물 낙지 새우 김치 닭갈비,https://search.shopping.naver.com/gate.nhn?id=10603187737,https://shopping-phinf.pstatic.net/main_1060318/10603187737.7.jpg,1390,,독수리마켓,10603187737,2,천일,천일식품,식품,냉동/간편조리식품,즉석밥,
냉동도시락 <b>닭가슴살</b> 직장인 단백질 한달 도시락 12팩,https://search.shopping.naver.com/gate.nhn?id=80118365706,https://shopping-phinf.pstatic.net/main_8011836/80118365706.4.jpg,39900,,다온헬씨 앤드 다이어트,80118365706,2,,,식품,냉동/간편조리식품,도시락,
맛있닭 다이어트 <b>닭가슴살</b> 도시락 39종 골라담기 / <b>볶음밥</b> 직장인 간편 식단,https://search.shopping.naver.com/gate.nhn?id=82083597667,https://shopping-phinf.pstatic.net/main_8208359/82083597667.5.jpg,3780,,랭킹닭컴,82083597667,2,맛있닭,,식품,냉동/간편조리식품,도시락,
[고온어도시락 시즌5] 건강 <b>닭가슴살 볶음밥</b> 도시락 식단,https://search.shopping.naver.com/gate.nhn?id=82933558050,https://shopping-phinf.pstatic.net/main_8293355/82933558050.jpg,37700,,고온어도시락,82933558050,2,고온어다이어트,씨케이케이,식품,냉동/간편조리식품,도시락,
[고온어도시락 시즌4] 건강 <b>닭가슴살 볶음밥</b> 도시락 식단,https://search.shopping.naver.com/gate.nhn?id=81901754949,https://shopping-phinf.pstatic.net/main_8190175/81901754949.1.jpg,37000,,고온어도시락,81901754949,2,고온어다이어트,씨케이케이,식품,냉동/간편조리식품,도시락,
허닭 <b>닭가슴살</b> 곤약<b>볶음밥</b> 250g 10종 10팩,https://search.shopping.naver.com/gate.nhn?id=37050684903,https://shopping-phinf.pstatic.net/main_3705068/37050684903.20230108053006.jpg,2300,,네이버,37050684903,1,허닭,,식품,다이어트식품,곤약,기타곤약가공품
교촌 시그니처 <b>닭가슴살 볶음밥</b> 10팩 / 볶음밥 단백질 도시락,https://search.shopping.naver.com/gate.nhn?id=84140901562,https://shopping-phinf.pstatic.net/main_8414090/84140901562.1.jpg,24900,,랭킹닭컴,84140901562,2,교촌,,식품,냉동/간편조리식품,즉석밥,
맛있닭 <b>닭가슴살</b> 한끼 곤약<b>볶음밥</b> 혼합 220g,https://search.shopping.naver.com/gate.nhn?id=25854975964,https://shopping-phinf.pstatic.net/main_2585497/25854975964.20211217024933.jpg,18390,,네이버,25854975964,1,맛있닭,오뚜기냉동식품,식품,다이어트식품,곤약,기타곤약가공품
[바르닭] 삼각주먹밥&amp;현미곤약밥바 외 곤약<b>볶음밥</b> 17종 골라담기,https://search.shopping.naver.com/gate.nhn?id=84064675058,https://shopping-phinf.pstatic.net/main_8406467/84064675058.2.jpg,1900,,바르닭,84064675058,2,바르닭,,식품,냉동/간편조리식품,즉석밥,
곤약의진심 간편 곤약밥 직장인 점심 냉동 저당 도시락 단백질 벌크업 식단 건강 건강한 건강식 2주 배달 저녁 양많은 프리미엄 대용량 <b>볶음밥</b> 식사 일주일 매일 한끼 헬스 혼밥 배송,https://search.shopping.naver.com/gate.nhn?id=83618399071,https://shopping-phinf.pstatic.net/main_8361839/83618399071.14.jpg,27540,,가치올림 다이어트,83618399071,2,가치올림,씨케이케이,식품,냉동/간편조리식품,도시락,
[단백질 식단] <b>닭가슴살 볶음밥</b> 골라담기 벌크업 대용량 도시락,https://search.shopping.naver.com/gate.nhn?id=82281448291,https://shopping-phinf.pstatic.net/main_8228144/82281448291.8.jpg,3350,,미스터네이처 다이어트,82281448291,2,미스터네이처,,식품,냉동/간편조리식품,도시락,
허닭 <b>닭가슴살</b> 곤약<b>볶음밥</b> 250g 10종 30팩,https://search.shopping.naver.com/gate.nhn?id=34559156319,https://shopping-phinf.pstatic.net/main_3455915/34559156319.20220908113955.jpg,2070,,네이버,34559156319,1,허닭,,식품,다이어트식품,곤약,기타곤약가공품
간편식 탄단지 <b>닭가슴살 볶음밥</b> / 국밥 9종 21팩 귀하닭 잠백이닭,https://search.shopping.naver.com/gate.nhn?id=84046916804,https://shopping-phinf.pstatic.net/main_8404691/84046916804.3.jpg,49980,,귀하닭,84046916804,2,,,식품,냉동/간편조리식품,즉석밥,
[굽네] 간편식 &amp; 치밥 &amp; <b>볶음밥</b> 14종 골라담기,https://search.shopping.naver.com/gate.nhn?id=80064883116,https://shopping-phinf.pstatic.net/main_8006488/80064883116.8.jpg,3250,,굽네몰,80064883116,2,굽네,,식품,냉동/간편조리식품,즉석밥,
(혼합)흑닭 <b>닭가슴살 볶음밥</b> 300g 2종 10팩,https://search.shopping.naver.com/gate.nhn?id=84661675657,https://shopping-phinf.pstatic.net/main_8466167/84661675657.jpg,33900,,흑자헬스마켓,84661675657,2,,,식품,냉동/간편조리식품,즉석밥,
얼라인즈 헬시밀 8종 골라담기 냉동 도시락 직장인 식단관리 <b>닭가슴살</b> 단백질 <b>볶음밥</b>,https://search.shopping.naver.com/gate.nhn?id=84796583584,https://shopping-phinf.pstatic.net/main_8479658/84796583584.4.jpg,3900,,얼라인즈 다이어트 샵,84796583584,2,,,식품,냉동/간편조리식품,도시락,
방탄푸드 <b>닭가슴살</b> 곤약 <b>볶음밥</b> 도시락 230g 4종 10팩 / FMD 컵밥 식단,https://search.shopping.naver.com/gate.nhn?id=83861693281,https://shopping-phinf.pstatic.net/main_8386169/83861693281.1.jpg,38900,,베타그레인,83861693281,2,방탄푸드,,식품,냉동/간편조리식품,도시락,
허닭 <b>닭가슴살</b> 곤약<b>볶음밥</b> 250g 10종 10팩,https://search.shopping.naver.com/gate.nhn?id=36151422720,https://shopping-phinf.pstatic.net/main_3615142/36151422720.20221129024253.jpg,23860,,네이버,36151422720,1,허닭,,식품,다이어트식품,곤약,기타곤약가공품
허닭 <b>닭가슴살</b> 닭갈비 곤약 <b>볶음밥</b> 250g,https://search.shopping.naver.com/gate.nhn?id=21353716388,https://shopping-phinf.pstatic.net/main_2135371/21353716388.20200608143923.jpg,2900,,네이버,21353716388,1,허닭,태송,식품,다이어트식품,곤약,기타곤약가공품
[굽네 로드닭] 컬리플라워 <b>닭가슴살 볶음밥</b> 4종 8팩,https://search.shopping.naver.com/gate.nhn?id=82922918907,https://shopping-phinf.pstatic.net/main_8292291/82922918907.6.jpg,28200,,굽네몰,82922918907,2,굽네,,식품,냉동/간편조리식품,즉석밥,
오뚜기냉동식품 잇메이트 <b>닭가슴살</b> 현미<b>볶음밥</b> 양송이맛 200g,https://search.shopping.naver.com/gate.nhn?id=24366969522,https://shopping-phinf.pstatic.net/main_2436696/24366969522.20210526132535.jpg,3130,,네이버,24366969522,1,잇메이트,오뚜기냉동식품,식품,냉동/간편조리식품,즉석밥,
허닭 <b>닭가슴살</b> 김치 곤약<b>볶음밥</b> 250g,https://search.shopping.naver.com/gate.nhn?id=30895858834,https://shopping-phinf.pstatic.net/main_3089585/30895858834.20220715114423.jpg,2780,,네이버,30895858834,1,허닭,태송,식품,다이어트식품,곤약,기타곤약가공품
태송 굽네 <b>닭가슴살</b> 김치<b>볶음밥</b> 200g,https://search.shopping.naver.com/gate.nhn?id=24406116527,https://shopping-phinf.pstatic.net/main_2440611/24406116527.20201009162736.jpg,2890,,네이버,24406116527,1,굽네,태송,식품,냉동/간편조리식품,즉석밥,
잇메이트 <b>닭가슴살</b> 현미 <b>볶음밥</b> 혼합 20팩 / 즉석밥,https://search.shopping.naver.com/gate.nhn?id=82258536349,https://shopping-phinf.pstatic.net/main_8225853/82258536349.3.jpg,51800,,랭킹닭컴,82258536349,2,잇메이트,오뚜기냉동식품,식품,냉동/간편조리식품,즉석밥,
맛있닭 다이어트 <b>닭가슴살</b> 도시락 혼합 210g X 10팩 / 고단백 식단 냉동,https://search.shopping.naver.com/gate.nhn?id=82207039824,https://shopping-phinf.pstatic.net/main_8220703/82207039824.3.jpg,42800,,랭킹닭컴,82207039824,2,맛있닭,,식품,냉동/간편조리식품,도시락,
풀무원 풀무원 <b>닭가슴살볶음밥</b> 450g,https://search.shopping.naver.com/gate.nhn?id=35290986859,https://shopping-phinf.pstatic.net/main_3529098/35290986859.jpg,3520,,G마켓,35290986859,2,풀무원,풀무원,식품,냉동/간편조리식품,즉석밥,
잇메이트 <b>닭가슴살</b> 몬스터 <b>볶음밥</b> 20팩 / 단백질 간편식 한끼 도시락,https://search.shopping.naver.com/gate.nhn?id=83582619645,https://shopping-phinf.pstatic.net/main_8358261/83582619645.1.jpg,57000,,랭킹닭컴,83582619645,2,잇메이트,엄지식품,식품,냉동/간편조리식품,도시락,
하림 원물식감 <b>닭가슴살 볶음밥</b> 450g,https://search.shopping.naver.com/gate.nhn?id=27225803531,https://shopping-phinf.pstatic.net/main_2722580/27225803531.20210521122546.jpg,3360,,네이버,27225803531,1,하림,하림,식품,냉동/간편조리식품,즉석밥,
인생닭 <b>닭가슴살</b> 곤약 닭갈비<b>볶음밥</b> 250g,https://search.shopping.naver.com/gate.nhn?id=30000007618,https://shopping-phinf.pstatic.net/main_3000000/30000007618.20220421105243.jpg,17490,,네이버,30000007618,1,인생닭,더빱,식품,다이어트식품,곤약,기타곤약가공품
인생닭 <b>닭가슴살</b> 곤약 김치<b>볶음밥</b> 250g,https://search.shopping.naver.com/gate.nhn?id=30000004618,https://shopping-phinf.pstatic.net/main_3000000/30000004618.20220421105307.jpg,17500,,네이버,30000004618,1,인생닭,더빱,식품,다이어트식품,곤약,기타곤약가공품
오븐에빠진닭 오빠닭 <b>닭가슴살</b> 곤약<b>볶음밥</b> 250g 5종 20팩,https://search.shopping.naver.com/gate.nhn?id=37151141178,https://shopping-phinf.pstatic.net/main_3715114/37151141178.20230112123506.jpg,2370,,네이버,37151141178,1,오븐에빠진닭,,식품,다이어트식품,곤약,기타곤약가공품
맛있닭 <b>닭가슴살</b> 한끼 파우치 곤약 <b>볶음밥</b> 혼합 200gx40팩 8kg,https://search.shopping.naver.com/gate.nhn?id=35869003671,https://shopping-phinf.pstatic.net/main_3586900/35869003671.20221116052643.jpg,29800,,네이버,35869003671,1,맛있닭,,식품,다이어트식품,곤약,기타곤약가공품
허닭 닭갈비 <b>닭가슴살 볶음밥</b> 250g 2+1팩 간편 냉동 곤약,https://search.shopping.naver.com/gate.nhn?id=82238019037,https://shopping-phinf.pstatic.net/main_8223801/82238019037.4.jpg,6900,,허경환의 허닭,82238019037,2,허닭,,식품,냉동/간편조리식품,즉석밥,
[1+1] 허닭 <b>닭가슴살</b> 곤약<b>볶음밥</b> 250g 10종,https://search.shopping.naver.com/gate.nhn?id=26949682370,https://shopping-phinf.pstatic.net/main_2694968/26949682370.5.jpg,4280,,1300K,26949682370,2,허닭,,식품,다이어트식품,곤약,기타곤약가공품
라이틀리 <b>닭가슴살</b> 곤약<b>볶음밥</b> 200g x10개 냉동,https://search.shopping.naver.com/gate.nhn?id=37486300065,https://shopping-phinf.pstatic.net/main_3748630/37486300065.20230128081334.jpg,21980,,네이버,37486300065,1,,,식품,다이어트식품,곤약,기타곤약가공품
교촌치킨 교촌  시그니처 <b>닭가슴살 볶음밥</b> 230g 4종 20팩,https://search.shopping.naver.com/gate.nhn?id=29491199434,https://shopping-phinf.pstatic.net/main_2949119/29491199434.1.jpg,34110,,G마켓,29491199434,2,교촌,,식품,냉동/간편조리식품,즉석밥,
오뚜기냉동식품 잇메이트 <b>닭가슴살</b> 소시지 <b>볶음밥</b> 훈제 200g,https://search.shopping.naver.com/gate.nhn?id=27058561528,https://shopping-phinf.pstatic.net/main_2705856/27058561528.20220325094521.jpg,3060,,네이버,27058561528,1,잇메이트,오뚜기냉동식품,식품,냉동/간편조리식품,즉석밥,
헬스앤뷰티 슬림 <b>닭가슴살 볶음밥</b> plus 320g,https://search.shopping.naver.com/gate.nhn?id=33836116623,https://shopping-phinf.pstatic.net/main_3383611/33836116623.20220803121835.jpg,4750,,네이버,33836116623,1,헬스앤뷰티,,식품,냉동/간편조리식품,즉석밥,
다즐샵 일품 도시락 10종 11팩 냉동 <b>닭가슴살</b> 단백질 식단 관리 <b>볶음밥</b>,https://search.shopping.naver.com/gate.nhn?id=82697484507,https://shopping-phinf.pstatic.net/main_8269748/82697484507.2.jpg,39900,,다즐샵다이어트,82697484507,2,다즐샵,,식품,냉동/간편조리식품,도시락,
허닭 <b>닭가슴살</b> 소불고기 <b>볶음밥</b> 250g 30팩 냉동 곤약,https://search.shopping.naver.com/gate.nhn?id=35519299010,https://shopping-phinf.pstatic.net/main_3551929/35519299010.20221226025137.jpg,24900,,네이버,35519299010,1,,,식품,다이어트식품,곤약,기타곤약가공품
허닭 <b>닭가슴살</b> 곤약<b>볶음밥</b> 250g,https://search.shopping.naver.com/gate.nhn?id=26338283686,https://shopping-phinf.pstatic.net/main_2633828/26338283686.20211122103035.jpg,2290,,네이버,26338283686,1,허닭,,식품,다이어트식품,곤약,기타곤약가공품
태송 마이닭 <b>닭가슴살</b> 불닭 <b>볶음밥</b> 250g,https://search.shopping.naver.com/gate.nhn?id=26670471522,https://shopping-phinf.pstatic.net/main_2667047/26670471522.20210407102216.jpg,3210,,네이버,26670471522,1,마이닭,태송,식품,냉동/간편조리식품,즉석밥,
아임웰 <b>닭가슴살</b> 곤약<b>볶음밥</b> 200g 8종 18팩,https://search.shopping.naver.com/gate.nhn?id=35712635878,https://shopping-phinf.pstatic.net/main_3571263/35712635878.20221108163907.jpg,4350,,네이버,35712635878,1,아임웰,,식품,다이어트식품,곤약,기타곤약가공품
헬스앤뷰티 탄두리 통새우 <b>닭가슴살 볶음밥</b> 250g,https://search.shopping.naver.com/gate.nhn?id=33838062618,https://shopping-phinf.pstatic.net/main_3383806/33838062618.20220803124007.jpg,4400,,네이버,33838062618,1,헬스앤뷰티,,식품,냉동/간편조리식품,즉석밥,
인생닭 <b>닭가슴살</b> 곤약 야채<b>볶음밥</b> 250g,https://search.shopping.naver.com/gate.nhn?id=30000003618,https://shopping-phinf.pstatic.net/main_3000000/30000003618.20220421105325.jpg,17490,,네이버,30000003618,1,인생닭,더빱,식품,다이어트식품,곤약,기타곤약가공품
허닭 <b>닭가슴살</b> 갈릭 곤약 <b>볶음밥</b> 250g,https://search.shopping.naver.com/gate.nhn?id=25013303150,https://shopping-phinf.pstatic.net/main_2501330/25013303150.20211112150734.jpg,2300,,네이버,25013303150,1,허닭,,식품,다이어트식품,곤약,기타곤약가공품
천일식품 천일 <b>닭가슴살 볶음밥</b> 300g,https://search.shopping.naver.com/gate.nhn?id=11781328725,https://shopping-phinf.pstatic.net/main_1178132/11781328725.20180504142204.jpg,2140,,네이버,11781328725,1,천일,천일식품,식품,냉동/간편조리식품,즉석밥,
허닭 허닭 <b>닭가슴살</b> 새우 곤약<b>볶음밥</b> 250g 10팩,https://search.shopping.naver.com/gate.nhn?id=35385855117,https://shopping-phinf.pstatic.net/main_3538585/35385855117.20221022154350.jpg,2780,,네이버,35385855117,1,허닭,,식품,다이어트식품,곤약,기타곤약가공품
미트리 <b>닭가슴살 볶음밥</b> 도시락 8종 1팩 골라담기,https://search.shopping.naver.com/gate.nhn?id=82605246308,https://shopping-phinf.pstatic.net/main_8260524/82605246308.3.jpg,3600,,마이닭,82605246308,2,미트리,태송,식품,냉동/간편조리식품,도시락,
한끼통살 치밥도시락 5종 대용량 345g 냉동도시락 <b>닭가슴살볶음밥</b> 아침간편식,https://search.shopping.naver.com/gate.nhn?id=83454300568,https://shopping-phinf.pstatic.net/main_8345430/83454300568.1.jpg,56500,,에잇템ATEM,83454300568,2,한끼통살,,식품,냉동/간편조리식품,도시락,
흑닭 <b>닭가슴살</b> 김치 <b>볶음밥</b>300g 20팩,https://search.shopping.naver.com/gate.nhn?id=84661675652,https://shopping-phinf.pstatic.net/main_8466167/84661675652.jpg,63900,,흑자헬스마켓,84661675652,2,,,식품,냉동/간편조리식품,즉석밥,
길벗푸드 잇메이트 <b>닭가슴살</b> 도시락 현미<b>볶음밥</b> 양송이맛 &amp; 스팀 고추맛 230g,https://search.shopping.naver.com/gate.nhn?id=28190325523,https://shopping-phinf.pstatic.net/main_2819032/28190325523.20210728123645.jpg,4180,,네이버,28190325523,1,잇메이트,길벗푸드,식품,냉동/간편조리식품,도시락,
[이제이푸드스토리] <b>볶음밥</b> <b>닭가슴살</b> 새우 참치 김치 천일 쉐프원 청정원,https://search.shopping.naver.com/gate.nhn?id=80572042603,https://shopping-phinf.pstatic.net/main_8057204/80572042603.1.jpg,790,,이제이 푸드스토리,80572042603,2,쉐프원,디유푸드,식품,냉동/간편조리식품,즉석밥,
허닭 <b>닭가슴살</b> 깍두기곤약<b>볶음밥</b> 250g 10팩,https://search.shopping.naver.com/gate.nhn?id=82987777408,https://shopping-phinf.pstatic.net/main_8298777/82987777408.2.jpg,24900,,허경환의 허닭,82987777408,2,,엄지식품,식품,냉동/간편조리식품,즉석밥,
허닭 <b>닭가슴살</b> 새우 <b>볶음밥</b> 250g 10팩 냉동 곤약,https://search.shopping.naver.com/gate.nhn?id=81836263116,https://shopping-phinf.pstatic.net/main_8183626/81836263116.4.jpg,24900,,허경환의 허닭,81836263116,2,허닭,허닭,식품,냉동/간편조리식품,즉석밥,
허닭 T <b>닭가슴살</b> 깍두기 곤약<b>볶음밥</b> 250g 40팩,https://search.shopping.naver.com/gate.nhn?id=37507863893,https://shopping-phinf.pstatic.net/main_3750786/37507863893.20230129100351.jpg,44000,,네이버,37507863893,1,허닭,,식품,다이어트식품,곤약,기타곤약가공품
[풀무원] 7가지 야채와 <b>닭가슴살볶음밥</b> (2인) X4봉,https://search.shopping.naver.com/gate.nhn?id=36647230816,https://shopping-phinf.pstatic.net/main_3664723/36647230816.jpg,15910,,GSSHOP,36647230816,2,풀무원,,식품,냉동/간편조리식품,즉석밥,
허닭 T <b>닭가슴살</b> 불닭 곤약<b>볶음밥</b> 250g 10팩,https://search.shopping.naver.com/gate.nhn?id=35646484748,https://shopping-phinf.pstatic.net/main_3564648/35646484748.20221104182611.jpg,2890,,네이버,35646484748,1,허닭,허닭,식품,다이어트식품,곤약,기타곤약가공품
[풀무원] <b>닭가슴살 볶음밥</b> 450g (2인분),https://search.shopping.naver.com/gate.nhn?id=83444047313,https://shopping-phinf.pstatic.net/main_8344404/83444047313.jpg,6180,,이마트몰,83444047313,2,풀무원,한우물영농종합,식품,냉동/간편조리식품,즉석밥,
허닭 <b>닭가슴살</b> 불닭 <b>볶음밥</b> 250g,https://search.shopping.naver.com/gate.nhn?id=24786599523,https://shopping-phinf.pstatic.net/main_2478659/24786599523.20201110172443.jpg,2900,,네이버,24786599523,1,허닭,허닭,식품,냉동/간편조리식품,즉석밥,
[허닭] [허닭] <b>닭가슴살 볶음밥</b>도시락 250g 6종 12팩,https://search.shopping.naver.com/gate.nhn?id=24595755207,https://shopping-phinf.pstatic.net/main_2459575/24595755207.4.jpg,39510,,현대Hmall,24595755207,2,허닭,길벗,식품,냉동/간편조리식품,도시락,
허닭 허닭  <b>닭가슴살</b> 김치 곤약<b>볶음밥</b> 250g 10팩,https://search.shopping.naver.com/gate.nhn?id=27003729198,https://shopping-phinf.pstatic.net/main_2700372/27003729198.2.jpg,20960,,G마켓,27003729198,2,허닭,허닭,식품,냉동/간편조리식품,즉석밥,
허닭 <b>닭가슴살</b> 새우 <b>볶음밥</b> 250g 2+1팩 냉동 곤약,https://search.shopping.naver.com/gate.nhn?id=81829413486,https://shopping-phinf.pstatic.net/main_8182941/81829413486.3.jpg,6900,,허경환의 허닭,81829413486,2,허닭,허닭,식품,냉동/간편조리식품,즉석밥,
맛있닭 <b>닭가슴살</b> 한끼 곤약<b>볶음밥</b> 김치 220gx20팩 4.4kg,https://search.shopping.naver.com/gate.nhn?id=30300042101,https://shopping-phinf.pstatic.net/main_3030004/30300042101.20211226033447.jpg,4260,,네이버,30300042101,1,맛있닭,,식품,다이어트식품,곤약,기타곤약가공품
허닭 <b>닭가슴살</b> 곤약 <b>볶음밥</b> 250g 10팩,https://search.shopping.naver.com/gate.nhn?id=30806140865,https://shopping-phinf.pstatic.net/main_3080614/30806140865.20220204222116.jpg,24990,,네이버,30806140865,1,허닭,,식품,다이어트식품,곤약,기타곤약가공품
바르닭 <b>닭가슴살</b> 곤약<b>볶음밥</b> 250g 6종 12팩,https://search.shopping.naver.com/gate.nhn?id=35676028773,https://shopping-phinf.pstatic.net/main_3567602/35676028773.20221106183722.jpg,15210,,네이버,35676028773,1,바르닭,,식품,다이어트식품,곤약,기타곤약가공품
아임웰 <b>닭가슴살</b> 곤약<b>볶음밥</b> 200g 8종 24팩,https://search.shopping.naver.com/gate.nhn?id=34833511217,https://shopping-phinf.pstatic.net/main_3483351/34833511217.20220922142047.jpg,11610,,네이버,34833511217,1,아임웰,,식품,다이어트식품,곤약,기타곤약가공품
[잇메이트] <b>닭가슴살</b> 몬스터 <b>볶음밥</b> 250g / 단백질 간편식 한끼 도시락,https://search.shopping.naver.com/gate.nhn?id=30033549738,https://shopping-phinf.pstatic.net/main_3003354/30033549738.2.jpg,3190,,랭킹닭컴,30033549738,2,잇메이트,,식품,냉동/간편조리식품,즉석밥,
허닭 <b>닭가슴살</b> 카레 <b>볶음밥</b> 250g 30팩 냉동 곤약,https://search.shopping.naver.com/gate.nhn?id=35519307361,https://shopping-phinf.pstatic.net/main_3551930/35519307361.20221226024810.jpg,24900,,네이버,35519307361,1,,,식품,다이어트식품,곤약,기타곤약가공품
네네치킨 네꼬밥 <b>닭가슴살</b> 곤약<b>볶음밥</b> 250g 10종 20팩,https://search.shopping.naver.com/gate.nhn?id=36725843627,https://shopping-phinf.pstatic.net/main_3672584/36725843627.20221223165211.jpg,2200,,네이버,36725843627,1,,,식품,다이어트식품,곤약,기타곤약가공품
맛있닭 <b>닭가슴살</b> 한끼 파우치 곤약 <b>볶음밥</b> 혼합 200g 곤약밥 아침대용 새우<b>볶음밥</b>,https://search.shopping.naver.com/gate.nhn?id=35785894727,https://shopping-phinf.pstatic.net/main_3578589/35785894727.20221112051318.jpg,30800,,네이버,35785894727,1,,,식품,다이어트식품,곤약,기타곤약가공품
